__,,,,,,,,,,,,,,,,,,,,,,,,,,,,,,,,,,,,,,,,,,,,,,,,,,,,,,,,,,,,,,,,,,,,,,,,,,,,,,,,,,,,,,,,,,,,,,,,,,,,,,,,,,,,,,,,,,,,,,,,,,,,,,,,,,,,,,,,,,,,,,,,,,,,,,,,,,,,,,,,,,,,,,,,,,,,,,,,,,,,,,,,,,,,,,,,,,,,,,,,,,,,,,,,,,,,,,,,,,,,,,,,,,,,,,,,,,,,,,,,,,,,,,,,,,,,,,,,,,,,,,,,,,,,lptl,,,,,,,,,,,,,,,,,,,,,,,,,,,,lpt
,,,,,,,,,,,,,,,,,,,,,,,,,,,,,,,,,,,,,,,,,,,,,,,,,,,,,,,,,,,,,,,,,,,,,,,,,,,,,,,,,,,,,,,,,,,,,,,,,,,,,,,,,,,,,,,,,,,,,,,,,,,,,,,,,,,,,,,,,,,,,,,,,,,,,,,,,,,,,,,,,,,,,,,,,,,,,,,,,,,,,,,,,,,,,,,,,,,,,,ft,,,,,,,,,,,,,,,,,,,,,,,,,,,,,,,,,,,,,,,,lptl,,,,,,,,,,,,,,,,,,,,,,,,,,,,lpt,,,,,,,,,,,,,,qbr,,,,,qbr,,,,,,,,,,,
,,,,,,,,,,,,,,,,,,,,,,,,,,,,,,,,,,,,,,,,,,,,,,,,,,,,,,,,,,,,,,,,,,,,,,,,,,,,,,,,,,,,,,,,,,,,,,,,,,,,,,,,,,,,,,,,,,,,,,,,,,,,,,,,,,,,,,,,,,,,,,,,,,,,,,,,,,,,,,,,,,,,,,,,,,,,,,,,,,,,,,,,,,,,,,,,,,,,,fg,fp,,,,,,,,,,urb,,,,urb,urb,urb,urb,urb,urb,urb,urb,urb,urb,urb,urb,urb,urb,urb,urb,urb,urb,urb,urb,urb,urb,urb,,lpt,,,,,,,,,,,,,,,,qbr,qbr,,,,,,,,,,,,,,,,,,,,qb?,,,,,,,,,,,,,,,,,,,qb?,,,,
,,,,,,,,,,,,,,,,,,,,,,,,,,,,,,,,,,,,,,,,,,,,,,,,,,,,,,,,,,,,,,,,,,,,,,,,,,,,,,,,,,,,,,,,,,,,,,,,,,,,,,,,,,,,,,,,,,,,,,,,,,,,,,,,,,,,,,,,,,,,,,,,,,,,,,,,,,,,,,,,,,,,,,,,,,,,,,,,,,,,,,,,,,,,,,,,,,,,,,fp,,,,,,,,,,urb,,,,,,,,,,,,,,,,,,,,,,,,,,,,,,,,,,,,,,,,,,,,,,,,,,,,,,,,,,,,,,,,,,,,,,,,,,,,,,,,,,,,,,,,
,,,,,,,,,,,,,,,,,,,,,,,,,,,,,,,,,,,,,,,,,,,,,,,,,,,,,,,,,,,,,,,,,,,,,,,,,,,,,,,,,,go,,go,,,,,,,,,,,,,,,,,,,,,,,,,,,,,,,,,,,,,,,,,,,,,,,,,,,,,,,,,,,,,,,,,,,,,,,,,,,,,,,,,,,,,,,,,,,,,,,,,,,,,,,,,,,,,,,,,,fp,,,,,,,,,,urb,,,,,,,,,,,,,,,,,,,,,,,,,,,,,,,,,urb,urb,,,,,,qb?,,,,,,,,,qb?,,,,,,urb,urb,,,,lpbl,,,,,,,,,,,,,,,,,,,,,,,,,,lpbr,,
,,,,,,,,,,,,,,,,,,,,,,qb,,,,,,,,,,,,,,,,,,,,,,,,,,,,,,,,,,,,,,,,,,,,,,,,,,,,,,,,,,rb,rb,rb,rb,rb,rb,rb,rb,,,,rb,rb,rb,qb,,,,,,,,,,,,,,,qbf,,,,,,,,,,,,rb,rb,rb,,,,,rb,qb,qb,rb,,,,,,,,,,,,,,,,,,,,,,,,,,,,,,,,,,,,,,,,,,,,,,,,,,,,,,,,,eb,eb,,,,,,,,,fp,,,,,,,,,,urb,,,,,,,,,,,,cb,cb,cb,cb,cb,,,,,,,,,,,,,,,,,,,,,,,,,,,,,,,,,,,,,,,,,,,,,,,,,,,,,,,,,,rb,rb,,,,,,,,,,,,,
,,,,,,,,,,,,,,,,,,,,,,,,,,,,,,,,,,,,,,,,,,,,,,,,,,,,,,,,,,,,,,,,,,,,,,,,,,,,,,,,,,,,,,,,,,,,,,,,,,,,,,,,,,,,,,,,,,,,,,,,,,,,,,,,,,,,,,,,,,,,,,,,,,,,,,,,,,,,,,,,,,,,,,,,,,,,,,,,,,,,,,,,,,,eb,eb,eb,,,,,,,,,fp,,,,,,,,,,urb,,,,,,,,,,,,,,,,,,,,,,,,,,,,,,,,,,,,,,,,,,,urb,urb,urb,urb,,,,,,,,,,,,,,,,rb,rb,rb,rb,,,,,,,rb,rb,,,rb,rb,,,,,,,rb,rb,rb,rb,
,,,,,,,,,,,,,,,,,,,,,,,,,,,,,,,,,,,,,,,,,,,,,,,,,,,,,,,,,,,,,,,,,,,,,,,,,,,,,,,,,,,,,,,,,,,,,,,,,,,,,,,,,,,,,,,,,,,,,,,,,,,,,,,,,,,,,,,,,,,,,,,,,,,,,,,,,,,,,,,,,,,,,,,,,,,,,,,,,,,,,,,,,,eb,eb,eb,eb,,,,,,,,,fp,,,,,,,,,,urb,,,,,,,,,,,cb,cb,cb,cb,cb,cb,cb,,,,,,,,,,,,,,,,,,,,,,,,,,,,,,,,,,,,,,,,,,,,,,,,,,,,,,,,,,,,,,,,,,,,,,,
,,,,,,,,,,,,,,,,,,,,,,,,,,,,,,,,,,,,,,,,,,,,,,,,,,,,,,,,,,,,,,,,hb,,,,,,,,,,,,,,,,,,,,,,,,,,,,,,,,,,,,,,,,,,,,,,,,,,,,,,,,,,,,,,,,,,,,,,,,,,,,,,,,,,,,,,,,,,,,,,,,,,,,,,,,,,,,,,,,,,,,,,,,,eb,eb,eb,eb,eb,,,,,,,,,fp,,,,ca,,,,,,urb,,,,,,,,,,,,,,,,,,,,,,,,,,,,,,,,,,,,,,,,,,,,,,,,,,,,,,,,,,,,,,,,,,,,,,,,,,,,,,,,,,,,,,,,
,,,,,,,,,,,,,,,,qb,,,,rb,qbr,rb,qb,rb,,,,,,,,,,,,,,,,,,,,,,bp,,,,,,,,,,,bpt,,,,,,,,,,,,,,,,,,,,rb,qbr,rb,,,,,,,,,,,,,,,crb,,,,,,rb,qbs,,,,,qb,,,qb,,,qb,,,,,,rb,,,,,,,,,,,rb,rb,,,,,,,eb,,,eb,,,,,,,,,,,eb,eb,,,eb,,,,,,,,,,,,,rb,rb,rb,rb,,,,,,,,,,,,,eb,eb,eb,eb,eb,eb,,,,,,,,,fp,,,,,,,,,,urb,,,,,,,,,,,cb,cb,cb,cb,cb,cb,cb,,,,,,,,,,,,,,,,,,,,urb,urb,qbf,urb,urb,,,,,,,urb,urb,qbf,urb,urb,,,,,,,,lptl,,,,,,,rb,qbf,rb,,,,,,,,,,,rb,qbf,rb,,,,,,lpt
,,,,,,,,,,,,,,,,,,,,,,,,,,,,,,,,,,,,,,mp,,,,,,,,,,,,,,,,,,,,,,,,,,,,,,,,,,,,,,,,,,,,,,,,,,,,,,,,,,,,,,,,,,,,,,,,,,,,,,,,,,,,,,,,,,,,,,,,,,eb,eb,,,eb,eb,,,,,,,,,eb,eb,eb,,,eb,eb,,,,,,,,,,,,,,,,,,,,,,,,,,,eb,eb,eb,eb,eb,eb,eb,,,,,,,,,fp,,,,,,,,,,urb,,,,,,,,,,,urb,urb,urb,urb,urb,urb,urb,,,,,,,,,,,,,lpbl,,,,,,,,,,,,,,,,,,,,,,,,,,lpbr,,,,,,,,,,,,,,,,,,,,,,,,,,,,,,,,
,,,,,,,,,,,,,,,,,,,,,,,,,,,,sp,,,,,,,,,,,,,,,,,,,,,,,,,,,,,,,,,,,,,,,,,,,,,,,,,,,,,,,,,,,,,,,,,,,,,,,,,,,,,,,,,,,,,,,,,,,,,,,,,,,,,,,,,,,eb,eb,eb,,,eb,eb,eb,,,,,,,eb,eb,eb,eb,,,eb,eb,eb,,,,,,sp,,,,,,,,,,,,,,,,sp,,,eb,eb,eb,eb,eb,eb,eb,eb,,,,,,,,,fp,,,,,,,,,,urb,,,,,,,,,,,urb,urb,urb,urb,urb,urb,urb,,,,,,,,,lpb,,,,,,,,,,,,,,,,,,,,,,,,,,,,,,,,,,,,,,,,,,,,,,,,,,,,,,,,,,,,,,
,,ma,,,,,,,,,,,,,,,,,,,,go,,,,,,,,,,,,,,,,,,go,,,,,,,,,,,go,,go,,,,,,,,,,,,,,,,,,,,,,,,,,,,,,,,,,,,,,,,,,,,go,,go,,,,,,,,ko,,,,,,,go,,go,,,,,,,,go,,go,,go,,go,,,,eb,eb,eb,eb,,,eb,eb,eb,eb,,,,,eb,eb,eb,eb,eb,,,eb,eb,eb,eb,,,,,,,,,,,,,,,,go,,go,,,,,eb,eb,eb,eb,eb,eb,eb,eb,eb,,,,,,,,,eb,,,,,,,,,,urb,,,,,,,,,,,urb,urb,urb,urb,urb,urb,urb,,,,,,,,,,,,,urb,urb,urb,urb,,,,,,,,,,,,,,,,,,,,,,,urb,urb,urb,urb,,,,,,,,,,,,,,,eb,eb,,,,,,,,,,,,,
