__,,,,,,,,,,,,,,,,,,,,,,,,,,,,,,,,,,,,,,,,,,,,,,,,,,,,,,,,,,,,,,,,,,,,,,,,,,,,,,,,,,,,,,,,,,,,,,,,,,,,,,,,,,,,,,,,,,,,,,,,,,,,,,,,,,,,,,,,,,,,,,,,,,,,,,,,,,,,,,,,,,,,,,,,,,,,,,,,,,,,,,,,,,,,,,,,,,,,,,,,,,,,,,,,,,,,,,,,,,,,,,,
,,,,,,,,,,,,,,,,,,,,,,,,,,,,,,,,,,,,,,,,,,,,,,,,,,,,,,,,,,,,,,,,,,,,,,,,,,,,,,,,,,,,,,,,,,,,,,,,,,,,,,,,,,,,,,,,,,,,,,,,,,,,,,,,,,,,,,,,,,,,,,,,,,,,,,,,,,,,,,,,,,,,,,,,,,,,,,,,,,,,,,,,,,,,,,,,,,,,,,,,,,,,,,,,,,,,,,,,,,,,,,,
,,,,,,,,,,,,,,,,,,,sc,,,,,,,,,,,,,,,,,mc,,,,,,,,,,,,,,,,,,,,,,,,,,,,,,,sc,,,,,,,,,,,,,,,,,mc,,,,,,,,,,,,,,,,,,,,,,,,,,,,,,,sc,,,,,,,,,,,,,,,,,mc,,,,,,,,,,,,,,,,,,,,,,,,,,,,,,,sc,,,,,,,,,,,,,,,,,mc,,,,,,,,,,,,,,,,,,,,,,,,,,,,,,,,,,,,,,,,,,,
,,,,,,,,sc,,,,,,,,,,,,,,,,,,,bc,,,,,,,,,,,,,,,,,,,,,,,,,,,,,sc,,,,,,,,,,,,,,,,,,,bc,,,,,,,,,,,,,,,,,,,,,,,,,,,,,sc,,,,,,,,,,,,,,,,,,,bc,,,,,,,,,,,,,,,,,,,,,,,,,,,,,sc,,,,,,,,,,,,,,,,,,,bc,,,,,,,,,,,,,,,,,,,,,,,,,,,,,sc,,,,,,,,,,,,,,,,,,,,,,,
,,,,,,,,,,,,,,,,,,,,,,,,,,,,,,,,,,,,,,,,,,,,,,,,,,,,,,,,,,,,,,,,,,,,,,,,,,,,,,,,,,,,,,,,,,,,,,,,,,,,,,,,,,,,,,,,,,,,,,,,,,,,,,,,,,,,,,,,,,,,,,,,,,,,,,,,,,,,,,,,,,,,,,,,,,,,,,,,,,,,,,,,,,,,,,,,,,,,,,,,,,,,,,,,,,,,,,,,,,,,,,,
,,,,,,,,,,,,,,,,,,,,,,,,,,,,,,,,,,,,,,,,,,,,,,,,,,,,,,,,,,,,,,,,,,,,,,,,,,,,,,,,,,,,,,,,,,,,,,,,,,,,,,,,,,,,,,,,,,,,,,,,,,,,,,,,,,,,,,,,,,,,,,,,,,,,,,,,,,,,,,,,,,,,,,,,,,,,,,,,,,,,,,,,,,,,,,,,,,,,,,,,,,,,,,,,,,,,,,,,,,,,,,,
,,,,,,,,,,,,,,,,,,,,,,,,,,,,,,,,,,,,,,,,,,,,,,,,,,,,,,,,,,,,,,,,,,,,,,,,,,,,,,,,,,,,,,,,,,,,,,,,,,,,,,,,,,,,,,,,,,,,,,,,,,,,,,,,,,,,,,,,,,,,,,,,,,,,,,,,,,,,,,,,,,,,,,,,,,,,,,,,,,,,,,,,,,,,,,,,,,,,,,,,,,,,,,,,,,,,,,,,,,,,,,,
,,,,,,,,,,,,,,,,,,,,,,,,,,,,,,,,,,,,,,,,,,,,,,,,,,,,,,,,,,,,,,,,,,,,,,,,,,,,,,,,,,,,,,,,,,,,,,,,,,,,,,,,,,,,,,,,,,,,,,,,,,,,,,,,,,,,,,,,,,,,,,,,,,,,,,,,,,,,,,,,,,,,,,,,,,,,,,,,,,,,,,,,,,,,,,,,,,,,,,,,,,,,,,,,,,,,,,,,,,,,,,,
,,,,,,,,,,,,,,,,,,,,,,,,,,,,,,,,,,,,,,,,,,,,,,,,,,,,,,,,,,,,,,,,,,,,,,,,,,,,,,,,,,,,,,,,,,,,,,,,,,,,,,,,,,,,,,,,,,,,,,,,,,,,,,,,,,,,,,,,,,,,,,,,,,,,,,,,,,,,,,,,,,,,,,,,,,,,,,,,,,,,,,,,,,,,,,,,,,,,,,,,,,,,,,,,,,,,,,,,,,,,,,,
,,,,,,,,,,,,,,,,,,,,,,,,,,,,,,,,,,,,,,,,,,,,,,,,,,,,,,,,,,,,,,,,,,,,,,,,,,,,,,,,,,,,,,,,,,,,,,,,,,,,,,,,,,,,,,,,,,,,,,,,,,,,,,,,,,,,,,,,,,,,,,,,,,,,,,,,,,,,,,,,,,,,,,,,,,,,,,,,,,,,,,,,,,,,,,,,,,,,,,,,,,,,,,,,,,,,,,,,,,,,,,,
bh,,,,,,,,,,,,,,,,,,,,,,,,,,,,,,,,,,,,,,,,,,,,,,,,bh,,,,,,,,,,,,,,,,,,,,,,,,,,,,,,,,,,,,,,,,,,,,,,,,bh,,,,,,,,,,,,,,,,,,,,,,,,,,,,,,,,,,,,,,,,,,,,,,,,bh,,,,,,,,,,,,,,,,,,,,,,,,,,,,,,,,,,,,,,,,,,,,,,,,bh,,,,,,,,,,,,,,,,,,,,,,,,,,,,,,,
,,,,,,,,,,,,,,,,sh,,,,,,,,,,,,,,,,,,,,,,,,,,,,,,,,,,,,,,,,,,,,,,,,sh,,,,,,,,,,,,,,,,,,,,,,,,,,,,,,,,,,,,,,,,,,,,,,,,sh,,,,,,,,,,,,,,,,,,,,,,,,,,,,,,,,,,,,,,,,,,,,,,,,sh,,,,,,,,,,,,,,,,,,,,,,,,,,,,,,,,,,,,,,,,,,,,,,,,,,,,,,,,,,,,,,,
,,,,,,,,,,,sb,,,,,,,,,,,,sb,,,,,,,,,,,,,,,,,,mb,,,,,,,,,,,,,,,,,,bb,,,,,,,,,,,,sb,,,,,,,,,,,,,,,,,,sb,,,,,,,,,,,,,,,,,,bb,,,,,,,,,,,,sb,,,,,,,,,,,,,,,,,,mb,,,,,,,,,,,,,,,,,,bb,,,,,,,,,,,,sb,,,,,,,,,,,,,,,,,,,,,,,,,,,,,,,,,,,,bb,,,,,,,,,,,,,,,,,,,,
fb,fb,fb,fb,fb,fb,fb,fb,fb,fb,fb,fb,fb,fb,fb,fb,fb,fb,fb,fb,fb,fb,fb,fb,fb,fb,fb,fb,fb,fb,fb,fb,fb,fb,fb,fb,fb,fb,fb,fb,fb,fb,fb,fb,fb,fb,fb,fb,fb,fb,fb,fb,fb,fb,fb,fb,fb,fb,fb,fb,fb,fb,fb,fb,fb,fb,fb,fb,fb,,,fb,fb,fb,fb,fb,fb,fb,fb,fb,fb,fb,fb,fb,fb,fb,,,,fb,fb,fb,fb,fb,fb,fb,fb,fb,fb,fb,fb,fb,fb,fb,fb,fb,fb,fb,fb,fb,fb,fb,fb,fb,fb,fb,fb,fb,fb,fb,fb,fb,fb,fb,fb,fb,fb,fb,fb,fb,fb,fb,fb,fb,fb,fb,fb,fb,fb,fb,fb,fb,fb,fb,fb,fb,fb,fb,fb,fb,fb,fb,fb,,,fb,fb,fb,fb,fb,fb,fb,fb,fb,fb,fb,fb,fb,fb,fb,fb,fb,fb,fb,fb,fb,fb,fb,fb,fb,fb,fb,fb,fb,fb,fb,fb,fb,fb,fb,fb,fb,fb,fb,fb,fb,fb,fb,fb,fb,fb,fb,fb,fb,fb,fb,fb,fb,fb,fb,fb,fb,fb,fb,fb,fb,fb,fb,fb,fb,fb,fb,fb,fb
fb,fb,fb,fb,fb,fb,fb,fb,fb,fb,fb,fb,fb,fb,fb,fb,fb,fb,fb,fb,fb,fb,fb,fb,fb,fb,fb,fb,fb,fb,fb,fb,fb,fb,fb,fb,fb,fb,fb,fb,fb,fb,fb,fb,fb,fb,fb,fb,fb,fb,fb,fb,fb,fb,fb,fb,fb,fb,fb,fb,fb,fb,fb,fb,fb,fb,fb,fb,fb,,,fb,fb,fb,fb,fb,fb,fb,fb,fb,fb,fb,fb,fb,fb,fb,,,,fb,fb,fb,fb,fb,fb,fb,fb,fb,fb,fb,fb,fb,fb,fb,fb,fb,fb,fb,fb,fb,fb,fb,fb,fb,fb,fb,fb,fb,fb,fb,fb,fb,fb,fb,fb,fb,fb,fb,fb,fb,fb,fb,fb,fb,fb,fb,fb,fb,fb,fb,fb,fb,fb,fb,fb,fb,fb,fb,fb,fb,fb,fb,fb,,,fb,fb,fb,fb,fb,fb,fb,fb,fb,fb,fb,fb,fb,fb,fb,fb,fb,fb,fb,fb,fb,fb,fb,fb,fb,fb,fb,fb,fb,fb,fb,fb,fb,fb,fb,fb,fb,fb,fb,fb,fb,fb,fb,fb,fb,fb,fb,fb,fb,fb,fb,fb,fb,fb,fb,fb,fb,fb,fb,fb,fb,fb,fb,fb,fb,fb,fb,fb,fb
