__,,,,,,,,,,,,,,,,,,,,,,,,,,,,,,,,,,,,,,,,,,,,,,,,,,,,,,,,,,,,,,,,,,,,,,,,,,,,,,,,,,,,,,,,,,,,,,,,,,,,,,,,,,,,,,,,,,,,,,,,,,,,,,,,,,,,,,,,,,,,,,,,,,,,,,,,,,,,,,,,,,,,,,,,,,,,,,,,,,,,,,,,,,,,,,,,,,,,,,,,,,
,,,,,,,,,,,,,,,,,,,,,,,,,,,,,,,,,,,,,,,,,,,,,,,,,,,,,,,,,,,,,,,,,,,,,,,,,,,,,,,,,,,,,,,,,,,,,,,,,,,,,,,,,,,,,,,,,,,,,,,,,,,,,,,,,,,,,,,,,,,,,,,,,,,,,,,,,,,,,,,,,,,,,,,,,,,,,,,,,,,,,,,,,,,,,,,,,,,,,,,,,,
,,,,,,,,,,,,,,,,,,,,,,,,,,,,,,,,,,,,,,,,,,,,,,,,,,,,,,,,,,,,,,,,,,,,,,,,,,,,,,,,,,,,,,,,,,,,,,,,,,,,,,,,,,,,,,,,,,,,,,,,,,,,,,,,,,,,,,,,,,,,,,,,,,,,,,,,,,,,,,,,,,,,,,,,,,,,,,,,,,,,,,,,,,,,,,,,,,,,,,,,,,
,,,,,,,,,,,,,,,,,,,,,,,,,,,,,,,,,,,,,,,,,,,,,,,,,,,,,,,,,,,,,,,,,,,,,,,,,,,,,,,,,,,,,,,,,,,,,,,,,,,,,,,,,,,,,,,,,,,,,,,,,,,,,,,,,,,,,,,,,,,,,,,,,,,,,,,,,,,,,,,,,,,,,,,,,,,,,,,,,,,,,,,,,,,,,,,,,,,,ft,,,,,,
,,,,,,,,,,,,,,,,,,,,,,,,,,,,,,,,,,,,,,,,,,,,,,,,,,,,,,,,,,,,,,,,,,,,,,,,,,,,,,,,,,,,go,,go,,,,,,,,,,,,,,,,,,,,,,,,,,,,,,,,,,,,,,,,,,,,,,,,,,,,,,,,,,,,,,,,,,,,,,,,,,,,,,,,,,,,,,,,,,,,,,,,,,,,,,,,,,,,,fg,fp,,,,,,
,,,,,,,,,,,,,,,,,,,,,,qb,,,,,,,,,,,,,,,,,,,,,,,,,,,,,,,,,,,,,,,,,,,,,,,,,,,,,,,,,rb,rb,rb,rb,rb,rb,rb,rb,,,,rb,rb,rb,qb,,,,,,,,,,,,,,,qbf,,,,,,,,,,,,rb,rb,rb,,,,,rb,qb,qb,rb,,,,,,,,,,,,,,,,,,,,,,,,,,,,,,,,,,,,,,,,,,,,,,,,,,,,,,,,,eb,eb,,,,,,,,fp,,,,,,
,,,,,,,,,,,,,,,,,,,,,,,,,,,,,,,,,,,,,,,,,,,,,,,,,,,,,,,,,,,,,,,,,,,,,,,,,,,,,,,,,,,,,,,,,,,,,,,,,,,,,,,,,,,,,,,,,,,,,,,,,,,,,,,,,,,,,,,,,,,,,,,,,,,,,,,,,,,,,,,,,,,,,,,,,,,,,,,,,,,,,,,,,,eb,eb,eb,,,,,,,,fp,,,,,,
,,,,,,,,,,,,,,,,,,,,,,,,,,,,,,,,,,,,,,,,,,,,,,,,,,,,,,,,,,,,,,,,,,,,,,,,,,,,,,,,,,,,,,,,,,,,,,,,,,,,,,,,,,,,,,,,,,,,,,,,,,,,,,,,,,,,,,,,,,,,,,,,,,,,,,,,,,,,,,,,,,,,,,,,,,,,,,,,,,,,,,,,,eb,eb,eb,eb,,,,,,,,fp,,,,,,
,,,,,,,,,,,,,,,,,,,,,,,,,,,,,,,,,,,,,,,,,,,,,,,,,,,,,,,,,,,,,,,,,,,,,,,,,,,,,,,,,,,,,,,,,,,,,,,,,,,,,,,,,,,,,,,,,,,,,,,,,,,,,,,,,,,,,,,,,,,,,,,,,,,,,,,,,,,,,,,,,,,,,,,,,,,,,,,,,,,,,,,,eb,eb,eb,eb,eb,,,,,,,,fp,,,,,,ca
,,qbs,qbr,qbf,qb,hb,rb,cb,crb,,,,,,,qb,,,,rb,qbr,rb,qb,rb,,,,,,,,,,,,,,,,,,,bp,,,,,,,,,,bp,,,,,,hb,,,,,,,,,,,,,,,,,rb,qbr,rb,,,,,,,,,,,,,,,crb,,,,,,rb,qbs,,,,,qb,,,qb,,,qb,,,,,,rb,,,,,,,,,,,rb,rb,,,,,,,,eb,,,eb,,,,,,,,,,,eb,eb,,,eb,,,,,,,,,,,,rb,rb,qb,rb,,,,,,,,,,,,,eb,eb,eb,eb,eb,eb,,,,,,,,fp,,,,,,
,,,,,,,,,,,,,,,,,,,,,,,,,,,,,,,,,,,,mp,,,,,,,,,,,,,,,,,,,,,,,,,,,,,,,,,,,,,,,,,,,,,,,,,,,,,,,,,,,,,,,,,,,,,,,,,,,,,,,,,,,,,,,,,,,,,,,,,,,,eb,eb,,,eb,eb,,,,,,,,,eb,eb,eb,,,eb,eb,,,,,,,,,,,,,,,,,,,,,,,,,,eb,eb,eb,eb,eb,eb,eb,,,,,,,,fp,,,,,,
,,,,,,,,,,,,,,,,,,,,,,,,,,,,,sp,,,,,,,,,,,,,,,,,,,,,,,,,,,,,,,,,,,,,,,,,,,,,,,,,,,,,,,,,,,,,,,,,,,,,,,,,,,,,,,,,,,,,,,,,,,,,,,,,,,,,,,,,,eb,eb,eb,,,eb,eb,eb,,,,,,,eb,eb,eb,eb,,,eb,eb,eb,,,,sup,,,,,,,,,,,,,,,,,sp,,,eb,eb,eb,eb,eb,eb,eb,eb,,,,,,,,fp,,,,,,
,,ma,,,,,,,,,,,,,,ko,,go,,,,,,,,,,,,,,,,,,,,go,,,,,,,,,,go,,go,,,,,,,,,,,,,,,,,,,,,,,,,,,,,,,,,,,,,,,,,,,go,,go,,,,,,,,,,ko,,,,,,,,,,,,,,,,,go,go,,go,go,,,,,,,,eb,eb,eb,eb,,,eb,eb,eb,eb,,,,,eb,eb,eb,eb,eb,,,eb,eb,eb,eb,,,,,,,,,,,,,go,,go,,,,,,,eb,eb,eb,eb,eb,eb,eb,eb,eb,,,,,,,,eb,,,,,,
